<?xml version="1.0" encoding="UTF-8" standalone="no"?>
<window xmlns="http://jmix.io/schema/ui/window"
        xmlns:c="http://jmix.io/schema/ui/jpql-condition"
        caption="msg://loanBrowse.caption"
        focusComponent="loansTable">
    <data readOnly="true">
        <collection id="loansDc"
                    class="com.company.homeworkloans.entity.Loan">
            <fetchPlan extends="_base">
                <property name="client" fetchPlan="_instance_name"/>
            </fetchPlan>
            <loader id="loansDl">
                <query>
                    <![CDATA[select e from Loan e]]>
                </query>
            </loader>
        </collection>
    </data>
    <facets>
        <dataLoadCoordinator auto="true"/>
        <screenSettings id="settingsFacet" auto="true"/>
    </facets>
    <actions>
        <action id="lookupSelectAction"
                caption="msg:///actions.Select"
                icon="LOOKUP_OK"
                primary="true"
                shortcut="${COMMIT_SHORTCUT}"/>
        <action id="lookupCancelAction"
                caption="msg:///actions.Cancel"
                icon="LOOKUP_CANCEL"/>
    </actions>
    <dialogMode height="600"
                width="800"/>
    <layout expand="loansTable" spacing="true">
        <filter id="filter"
                dataLoader="loansDl">
            <properties include=".*"/>
        </filter>
        <table id="loansTable"
               width="100%"
               dataContainer="loansDc">
            <actions>
            </actions>
            <columns>
                <column id="client"/>
                <column id="amount"/>
                <column id="requestDate"/>
                <column id="status"/>
            </columns>
            <simplePagination/>
            <buttonsPanel id="buttonsPanel"
                          alwaysVisible="true">
            </buttonsPanel>
        </table>
        <hbox id="lookupActions" spacing="true" visible="false">
            <button action="lookupSelectAction"/>
            <button action="lookupCancelAction"/>
        </hbox>
    </layout>
</window>
