<?xml version="1.0" encoding="UTF-8" standalone="no"?>
<window xmlns="http://jmix.io/schema/ui/window"
        xmlns:c="http://jmix.io/schema/ui/jpql-condition"
        caption="msg://clientBrowse.caption"
        focusComponent="clientsTable">
    <data readOnly="true">
        <collection id="clientsDc"
                    class="com.company.homeworkloans.entity.Client">
            <fetchPlan extends="_base"/>
            <loader id="clientsDl">
                <query>
                    <![CDATA[select e from Client e]]>
                </query>
            </loader>
        </collection>
    </data>
    <facets>
        <dataLoadCoordinator auto="true"/>
        <screenSettings id="settingsFacet" auto="true"/>
    </facets>
    <actions>
        <action id="lookupSelectAction"
                caption="msg:///actions.Select"
                icon="LOOKUP_OK"
                primary="true"
                shortcut="${COMMIT_SHORTCUT}"/>
        <action id="lookupCancelAction"
                caption="msg:///actions.Cancel"
                icon="LOOKUP_CANCEL"/>
    </actions>
    <dialogMode height="600"
                width="800"/>
    <layout expand="clientsTable" spacing="true">
        <filter id="filter"
                dataLoader="clientsDl">
            <properties include=".*"/>
        </filter>
        <groupTable id="clientsTable"
                    width="100%"
                    dataContainer="clientsDc">
            <actions>
                <action id="create" type="create"/>
                <action id="edit" type="edit"/>
                <action id="remove" type="remove"/>
                <action id="requestLoan" caption="msg://requestLoan" type="itemTracking" icon="COMMENTING_O"/>
            </actions>
            <columns>
                <column id="firstName"/>
                <column id="lastName"/>
                <column id="phoneNumber"/>
                <column id="birthDate"/>
                <column id="salary"/>
            </columns>
            <simplePagination/>
            <buttonsPanel id="buttonsPanel"
                          alwaysVisible="true">
                <button id="createBtn" action="clientsTable.create"/>
                <button id="editBtn" action="clientsTable.edit"/>
                <button id="removeBtn" action="clientsTable.remove"/>
                <button id="requestLoan" action="clientsTable.requestLoan"/>
            </buttonsPanel>
        </groupTable>
        <hbox id="lookupActions" spacing="true" visible="false">
            <button action="lookupSelectAction"/>
            <button action="lookupCancelAction"/>
        </hbox>
    </layout>
</window>
