<?xml version="1.0" encoding="UTF-8" standalone="no"?>
<window xmlns="http://jmix.io/schema/ui/window"
        caption="msg://clientEdit.caption"
        focusComponent="form">
    <data>
        <instance id="clientDc"
                  class="com.company.homeworkloans.entity.Client">
            <fetchPlan extends="_base"/>
            <loader/>
        </instance>
    </data>
    <facets>
        <dataLoadCoordinator auto="true"/>
        <screenSettings id="settingsFacet" auto="true"/>
    </facets>
    <actions>
        <action id="windowCommitAndClose" caption="msg:///actions.Ok"
                icon="EDITOR_OK"
                primary="true"
                shortcut="${COMMIT_SHORTCUT}"/>
        <action id="windowClose"
                caption="msg:///actions.Close"
                icon="EDITOR_CANCEL"/>
    </actions>
    <dialogMode height="AUTO"
                width="AUTO"
                modal="true"
                forceDialog="true"/>
    <layout spacing="true" expand="editActions">
        <form id="form" dataContainer="clientDc">
            <column width="350px">
                <textField id="firstNameField" property="firstName"/>
                <textField id="lastNameField" property="lastName"/>
                <textField id="phoneNumberField" property="phoneNumber"/>
                <dateField id="birthDateField" property="birthDate"/>
                <textField id="salaryField" property="salary"/>
            </column>
        </form>
        <hbox id="editActions" spacing="true">
            <button id="commitAndCloseBtn" action="windowCommitAndClose"/>
            <button id="closeBtn" action="windowClose"/>
        </hbox>
    </layout>
</window>
