<?xml version="1.0" encoding="UTF-8"?>
<databaseChangeLog
        xmlns="http://www.liquibase.org/xml/ns/dbchangelog"
        xmlns:xsi="http://www.w3.org/2001/XMLSchema-instance"
        xsi:schemaLocation="http://www.liquibase.org/xml/ns/dbchangelog
                      http://www.liquibase.org/xml/ns/dbchangelog/dbchangelog-4.11.xsd"
        objectQuotingStrategy="QUOTE_ONLY_RESERVED_WORDS">
    <changeSet id="1" author="homework-loans">
        <createTable tableName="CLIENT">
            <column name="ID" type="UUID">
                <constraints nullable="false" primaryKey="true" primaryKeyName="PK_CLIENT"/>
            </column>
            <column name="FIRST_NAME" type="VARCHAR(255)">
                <constraints nullable="false"/>
            </column>
            <column name="LAST_NAME" type="VARCHAR(255)">
                <constraints nullable="false"/>
            </column>
            <column name="PHONE_NUMBER" type="VARCHAR(255)"/>
            <column name="BIRTH_DATE" type="DATE"/>
            <column name="SALARY" type="DECIMAL(19, 2)"/>
        </createTable>
    </changeSet>
    <changeSet id="2" author="homework-loans">
        <createTable tableName="LOAN">
            <column name="ID" type="UUID">
                <constraints nullable="false" primaryKey="true" primaryKeyName="PK_LOAN"/>
            </column>
            <column name="CLIENT_ID" type="UUID">
                <constraints nullable="false"/>
            </column>
            <column name="AMOUNT" type="DECIMAL(19, 2)">
                <constraints nullable="false"/>
            </column>
            <column name="REQUEST_DATE" type="DATE"/>
            <column name="STATUS" type="VARCHAR(255)"/>
        </createTable>
    </changeSet>
    <changeSet id="3" author="homework-loans">
        <createIndex indexName="IDX_LOAN_CLIENT" tableName="LOAN">
            <column name="CLIENT_ID"/>
        </createIndex>

        <addForeignKeyConstraint baseColumnNames="CLIENT_ID" baseTableName="LOAN" constraintName="FK_LOAN_ON_CLIENT"
                                 referencedColumnNames="ID" referencedTableName="CLIENT"/>
    </changeSet>
</databaseChangeLog>